"","vars","n","mean","sd","median","trimmed","mad","min","max","range","skew","kurtosis","se"
"height",1,87,174.358024691358,33.5355793851411,178,177.847157016171,16.3086,66,264,198,-1.06416481300721,2.13907100864761,3.59539150218577
"height_ft",2,87,5.72040763423091,1.10024866749151,5.83989501312336,5.83488047953317,0.53505905511811,2.16535433070866,8.66141732283465,6.49606299212599,-1.06416481300721,2.13907100864761,0.117959038785622
"mass",3,87,91.4183908045977,139.429053834537,79,76.5267605633803,4.4478,15,1358,1343,8.60762994043098,75.2767649616747,14.9483636336581
"species*",4,82,15.3170731707317,9.20128553656738,11,14.3181818181818,3.7065,1,37,36,0.994755227616914,-0.144001753483881,1.01611200365355
"gender*",5,84,2.55952380952381,0.869166481705463,3,2.66176470588235,0,1,4,3,-1.10532326963361,-0.425254252708812,0.0948338379508032
"tallness*",6,87,1.90804597701149,0.290636187028339,2,2,0,1,2,1,-2.77567495976235,5.77110080926363,0.0311594699190544
